scenarios,intervals,Coal1,Coal2,Combined Cycle GT1,Combined Cycle GT2,Open Cycle GT,Battery,Wind,Solar
0,0,300.0,200.0,200.0,60.0,0.0,0.0,156.0,0.0
0,1,300.0,200.0,200.0,40.0,0.0,0.0,169.0,0.0
0,2,300.0,200.0,200.0,40.0,0.0,0.0,182.0,0.0
0,3,300.0,200.0,200.0,40.0,0.0,0.0,221.0,0.0
0,4,300.0,200.0,200.0,76.25,0.0,0.0,211.25,0.0
0,5,300.0,200.0,200.0,60.0,0.0,0.0,195.0,0.0
0,6,300.0,200.0,200.0,100.0,0.0,0.0,188.5,0.0
0,7,300.0,200.0,200.0,100.0,0.0,0.0,175.5,0.0
0,8,300.0,200.0,200.0,100.0,0.0,0.0,175.5,0.0
0,9,300.0,200.0,200.0,100.0,0.0,43.0,169.0,0.0
0,10,300.0,200.0,200.0,100.0,50.0,65.5,162.5,0.0
0,11,300.0,200.0,200.0,100.0,100.0,88.0,156.0,0.0
0,12,300.0,200.0,200.0,100.0,50.0,196.5,149.5,14.0
0,13,300.0,200.0,200.0,100.0,55.0,200.0,143.0,56.0
0,14,300.0,200.0,200.0,100.0,29.5,171.0,149.5,126.0
0,15,300.0,200.0,200.0,100.0,50.0,36.0,169.0,210.0
0,16,300.0,200.0,160.0,60.0,0.0,0.0,208.0,315.0
0,17,300.0,144.0,80.0,40.0,0.0,0.0,234.0,434.0
0,18,300.0,188.5,80.0,40.0,0.0,0.0,227.5,546.0
0,19,300.0,139.0,80.0,40.0,0.0,0.0,221.0,630.0
0,20,300.0,100.0,80.0,40.0,0.0,0.0,234.0,672.0
0,21,300.0,131.0,80.0,40.0,0.0,0.0,247.0,700.0
0,22,300.0,191.0,80.0,40.0,0.0,0.0,260.0,672.0
0,23,300.0,200.0,80.0,60.0,0.0,0.0,273.0,616.0
0,24,300.0,200.0,122.5,100.0,0.0,0.0,292.5,525.0
0,25,300.0,200.0,200.0,180.0,0.0,30.0,312.0,406.0
0,26,300.0,200.0,200.0,200.0,50.0,117.0,325.0,280.0
0,27,300.0,200.0,200.0,200.0,150.0,163.0,338.0,154.0
0,28,300.0,200.0,200.0,200.0,300.0,86.5,370.5,70.0
0,29,300.0,200.0,200.0,200.0,300.0,111.5,383.5,21.0
0,30,300.0,200.0,200.0,200.0,300.0,75.5,396.5,0.0
0,31,300.0,200.0,200.0,200.0,275.0,19.5,422.5,0.0
0,32,300.0,200.0,200.0,200.0,200.0,33.0,429.0,0.0
0,33,300.0,200.0,200.0,200.0,100.0,60.5,435.5,0.0
0,34,300.0,200.0,200.0,200.0,0.0,81.5,448.5,0.0
0,35,300.0,200.0,200.0,200.0,0.0,22.0,442.0,0.0
0,36,300.0,200.0,200.0,143.0,0.0,0.0,455.0,0.0
0,37,300.0,200.0,200.0,73.375,0.0,0.0,487.5,0.0
0,38,300.0,200.0,160.0,40.0,0.0,0.0,513.5,0.0
0,39,300.0,200.0,80.0,0.0,0.0,20.0,533.0,0.0
0,40,300.0,200.0,40.0,0.0,0.0,7.5,552.5,0.0
0,41,300.0,200.0,0.0,0.0,0.0,0.0,585.0,0.0
0,42,300.0,180.0,0.0,0.0,0.0,0.0,604.5,0.0
0,43,300.0,100.0,0.0,0.0,0.0,23.0,611.0,0.0
0,44,300.0,100.0,0.0,0.0,0.0,0.0,604.5,0.0
0,45,300.0,80.0,0.0,0.0,0.0,0.0,598.0,0.0
0,46,300.0,50.0,0.0,0.0,0.0,0.0,585.0,0.0
0,47,300.0,0.0,0.0,0.0,0.0,41.0,572.0,0.0
1,0,300.0,200.0,104.0,60.0,0.0,0.0,156.0,0.0
1,1,300.0,200.0,81.0,40.0,0.0,0.0,169.0,0.0
1,2,300.0,200.0,80.0,40.0,0.0,0.0,182.0,0.0
1,3,300.0,200.0,80.0,40.0,0.0,0.0,221.0,0.0
1,4,300.0,200.0,80.0,40.0,0.0,0.0,211.25,0.0
1,5,300.0,200.0,80.0,40.0,0.0,0.0,195.0,0.0
1,6,300.0,200.0,80.0,40.0,0.0,0.0,188.5,0.0
1,7,300.0,200.0,80.0,40.0,0.0,0.0,175.5,0.0
1,8,300.0,200.0,134.5,40.0,0.0,0.0,175.5,0.0
1,9,300.0,200.0,197.75,57.5,0.0,0.0,169.0,0.0
1,10,300.0,200.0,200.0,97.5,20.0,0.0,162.5,0.0
1,11,300.0,200.0,200.0,100.0,20.0,64.0,156.0,0.0
1,12,300.0,200.0,200.0,100.0,20.0,116.5,149.5,14.0
1,13,300.0,200.0,200.0,100.0,20.0,121.0,143.0,56.0
1,14,300.0,200.0,200.0,100.0,20.0,64.5,149.5,126.0
1,15,300.0,200.0,171.0,80.0,20.0,0.0,169.0,210.0
1,16,300.0,176.0,91.0,40.0,0.0,0.0,208.0,315.0
1,17,265.5,116.0,80.0,40.0,0.0,0.0,234.0,434.0
1,18,175.5,100.0,80.0,40.0,0.0,0.0,227.5,546.0
1,19,229.0,100.0,80.0,40.0,0.0,0.0,221.0,630.0
1,20,194.0,100.0,80.0,40.0,0.0,0.0,234.0,672.0
1,21,213.0,100.0,80.0,40.0,0.0,0.0,247.0,700.0
1,22,298.0,100.0,80.0,40.0,0.0,0.0,260.0,672.0
1,23,300.0,102.5,80.0,40.0,0.0,0.0,273.0,616.0
1,24,300.0,162.5,80.0,40.0,0.0,0.0,292.5,525.0
1,25,300.0,200.0,160.0,102.0,0.0,0.0,312.0,406.0
1,26,300.0,200.0,200.0,182.0,20.0,13.0,325.0,280.0
1,27,300.0,200.0,200.0,200.0,40.0,118.0,338.0,154.0
1,28,300.0,200.0,200.0,200.0,60.0,169.5,370.5,70.0
1,29,300.0,200.0,200.0,200.0,60.0,195.5,383.5,21.0
1,30,300.0,200.0,200.0,200.0,60.0,163.5,396.5,0.0
1,31,300.0,200.0,200.0,200.0,60.0,87.5,422.5,0.0
1,32,300.0,200.0,200.0,200.0,40.0,51.0,429.0,0.0
1,33,300.0,200.0,200.0,184.5,40.0,0.0,435.5,0.0
1,34,300.0,200.0,200.0,149.5,0.0,2.0,448.5,0.0
1,35,300.0,200.0,200.0,98.0,0.0,0.0,442.0,0.0
1,36,300.0,200.0,145.0,80.0,0.0,0.0,455.0,0.0
1,37,300.0,200.0,92.5,40.0,0.0,0.0,487.5,0.0
1,38,296.5,140.0,80.0,40.0,0.0,0.0,513.5,0.0
1,39,300.0,157.0,40.0,0.0,0.0,0.0,533.0,0.0
1,40,300.0,107.5,40.0,0.0,0.0,0.0,552.5,0.0
1,41,295.0,100.0,0.0,0.0,0.0,0.0,585.0,0.0
1,42,255.5,100.0,0.0,0.0,0.0,0.0,604.5,0.0
1,43,279.0,50.0,0.0,0.0,0.0,0.0,611.0,0.0
1,44,255.5,50.0,0.0,0.0,0.0,0.0,604.5,0.0
1,45,232.0,50.0,0.0,0.0,0.0,0.0,598.0,0.0
1,46,215.0,50.0,0.0,0.0,0.0,0.0,585.0,0.0
1,47,258.0,0.0,0.0,0.0,0.0,0.0,572.0,0.0
2,0,294.875,140.0,80.0,60.0,0.0,0.0,156.0,0.0
2,1,300.0,100.0,80.0,40.0,0.0,0.0,169.0,0.0
2,2,300.0,100.0,80.0,40.0,0.0,0.0,182.0,0.0
2,3,300.0,100.0,80.0,40.0,0.0,0.0,221.0,0.0
2,4,300.0,100.0,80.0,40.0,0.0,0.0,211.25,0.0
2,5,300.0,100.0,80.0,40.0,0.0,0.0,195.0,0.0
2,6,300.0,100.0,80.0,40.0,0.0,0.0,188.5,0.0
2,7,300.0,100.0,80.0,40.0,0.0,0.0,175.5,0.0
2,8,300.0,127.0,80.0,40.0,0.0,0.0,175.5,0.0
2,9,300.0,187.0,80.0,40.0,0.0,6.0,169.0,0.0
2,10,300.0,200.0,80.0,40.0,20.0,30.5,162.5,0.0
2,11,300.0,200.0,80.0,40.0,20.0,88.0,156.0,0.0
2,12,300.0,200.0,80.0,40.0,20.0,131.5,149.5,14.0
2,13,300.0,200.0,80.0,40.0,20.0,130.0,143.0,56.0
2,14,300.0,200.0,80.0,40.0,20.0,70.5,149.5,126.0
2,15,300.0,158.5,80.0,40.0,20.0,0.0,169.0,210.0
2,16,217.5,100.0,80.0,40.0,0.0,0.0,208.0,315.0
2,17,150.0,100.0,80.0,40.0,0.0,0.0,148.0,434.0
2,18,150.0,100.0,80.0,40.0,0.0,0.0,90.5,546.0
2,19,150.0,100.0,80.0,40.0,0.0,0.0,135.0,630.0
2,20,150.0,100.0,80.0,40.0,0.0,0.0,110.0,672.0
2,21,150.0,100.0,80.0,40.0,0.0,0.0,133.0,700.0
2,22,150.0,100.0,80.0,40.0,0.0,0.0,220.5,672.0
2,23,150.0,100.0,80.0,40.0,0.0,0.0,273.0,616.0
2,24,152.5,100.0,80.0,40.0,0.0,0.0,292.5,525.0
2,25,240.0,140.0,80.0,80.0,0.0,0.0,312.0,406.0
2,26,300.0,200.0,80.0,80.0,20.0,7.0,325.0,280.0
2,27,300.0,200.0,80.0,80.0,40.0,125.5,338.0,154.0
2,28,300.0,200.0,80.0,80.0,60.0,174.0,370.5,70.0
2,29,300.0,200.0,81.5,80.0,60.0,200.0,383.5,21.0
2,30,300.0,200.0,82.5,80.0,60.0,173.0,396.5,0.0
2,31,300.0,200.0,162.5,80.0,60.0,24.5,422.5,0.0
2,32,300.0,200.0,82.5,80.0,40.0,75.5,429.0,0.0
2,33,300.0,200.0,80.0,80.0,40.0,20.5,435.5,0.0
2,34,300.0,196.5,80.0,80.0,0.0,0.0,448.5,0.0
2,35,300.0,152.0,80.0,80.0,0.0,0.0,442.0,0.0
2,36,288.0,100.0,80.0,80.0,0.0,0.0,455.0,0.0
2,37,244.5,100.0,80.0,40.0,0.0,0.0,487.5,0.0
2,38,176.0,100.0,80.0,40.0,0.0,0.0,513.5,0.0
2,39,202.5,100.0,40.0,0.0,0.0,0.0,533.0,0.0
2,40,157.5,100.0,40.0,0.0,0.0,0.0,552.5,0.0
2,41,150.0,100.0,0.0,0.0,0.0,0.0,583.0,0.0
2,42,150.0,100.0,0.0,0.0,0.0,0.0,566.0,0.0
2,43,150.0,50.0,0.0,0.0,0.0,0.0,599.0,0.0
2,44,150.0,50.0,0.0,0.0,0.0,0.0,573.5,0.0
2,45,150.0,50.0,0.0,0.0,0.0,0.0,548.0,0.0
2,46,150.0,50.0,0.0,0.0,0.0,0.0,522.5,0.0
2,47,150.0,0.0,0.0,0.0,0.0,0.0,555.5,0.0
